sampleID,Allgr,Plate,Material,AC(0:0),AC(2:0),AC(3:0),AC(3:0-DC),AC(3:0-OH),AC(3:1),AC(4:0),AC(4:0-DC),AC(4:0-OH),AC(4:1),AC(4:1-DC),AC(5:0),AC(5:0-DC),AC(5:0-OH),AC(5:1),AC(5:1-DC),AC(6:0),AC(6:0-DC),AC(6:0-OH),AC(6:1),AC(7:0),AC(7:0-DC),AC(8:0),AC(8:1),AC(8:1-OH),AC(9:0),AC(10:0),AC(10:1),AC(10:2),AC(10:3),AC(11:0),AC(12:0),AC(12:0-DC),AC(12:1),AC(13:0),AC(14:0),AC(14:0-OH),AC(14:1),AC(14:1-DC),AC(14:1-OH),AC(14:2),AC(14:2-OH),AC(15:0),AC(16:0),AC(16:0-OH),AC(16:1),AC(16:1-OH),AC(16:2),AC(16:2-OH),AC(17:0),AC(18:0),AC(18:1),AC(18:1-OH),AC(18:2),AC(19:0),Ala,Arg,Asn,Asp,Cit,Gln,Glu,Gly,His,Ile,Lys,Met,Orn,Phe,Pro,Ser,Thr,Trp,Tyr,Val,xLeu,Ac-Orn,ADMA,alpha-AAA,c4-OH-Pro,Carnosine,Creatinine,DOPA,Dopamine,Histamine,Kynurenine,Met-SO,Nitro-Tyr,PEA,Putrescine,Sarcosine,SDMA,Serotonin,Spermidine,Spermine,t4-OH-Pro,Taurine,CE(16:0),CE(16:1),CE(17:0),CE(17:1),CE(17:2),CE(18:1),CE(18:2),CE(18:3),CE(19:2),CE(19:3),CE(20:4),CE(20:5),CE(22:5),CE(22:6),DG(32:1),DG(32:2),DG(34:1),DG(34:3),DG(36:2),DG(36:3),DG(36:4),DG(38:0),DG(38:5),DG(39:0),DG(41:1),DG(42:0),DG(42:1),DG(42:2),DG(44:3),DG-O(32:2),DG-O(34:1),DG-O(36:4),TG(44:1),TG(44:2),TG(44:4),TG(46:2),TG(48:1),TG(48:2),TG(48:3),TG(49:1),TG(49:2),TG(50:1),TG(50:2),TG(50:3),TG(50:4),TG(51:1),TG(51:2),TG(51:3),TG(51:4),TG(51:5),TG(52:2),TG(52:3),TG(52:4),TG(52:5),TG(52:6),TG(52:7),TG(53:3),TG(53:4),TG(53:5),TG(53:6),TG(54:2),TG(54:3),TG(54:4),TG(54:5),TG(54:6),TG(54:7),TG(55:6),TG(55:7),TG(55:8),TG(55:9),TG(56:6),TG(56:7),TG(56:8),TG(56:9),LPC(9:0),LPC(12:0),LPC(14:0),LPC(15:0),LPC(16:0),LPC(16:1),LPC(17:0),LPC(17:1),LPC(18:0),LPC(18:1),LPC(18:2),LPC(20:0),LPC(20:1),LPC(20:2),LPC(20:3),LPC(20:4),LPC(22:5),LPC(22:6),LPC(24:0),LPC(24:1),LPC-O(16:1),LPC-O(17:1),LPC-O(18:0),LPC-O(18:1),LPC-O(18:2),PC(24:0),PC(25:0),PC(26:0),PC(27:0),PC(27:1),PC(28:1),PC(29:0),PC(29:1),PC(29:2),PC(30:0),PC(30:1),PC(30:2),PC(30:3),PC(31:0),PC(31:1),PC(31:2),PC(31:3),PC(32:0),PC(32:1),PC(32:2),PC(32:3),PC(32:4),PC(32:5),PC(32:6),PC(33:0),PC(33:1),PC(33:2),PC(33:3),PC(33:4),PC(33:5),PC(34:0),PC(34:1),PC(34:2),PC(34:3),PC(34:4),PC(34:5),PC(35:0),PC(35:1),PC(35:2),PC(35:3),PC(35:4),PC(35:5),PC(36:0),PC(36:1),PC(36:2),PC(36:3),PC(36:4),PC(36:5),PC(36:6),PC(37:0),PC(37:1),PC(37:2),PC(37:3),PC(37:4),PC(37:5),PC(37:6),PC(37:7),PC(38:0),PC(38:1),PC(38:2),PC(38:3),PC(38:4),PC(38:5),PC(38:6),PC(38:7),PC(39:0),PC(39:1),PC(39:2),PC(39:3),PC(39:4),PC(39:5),PC(39:6),PC(39:7),PC(40:1),PC(40:2),PC(40:3),PC(40:4),PC(40:5),PC(40:6),PC(40:7),PC(40:8),PC(40:9),PC(41:1),PC(41:2),PC(41:3),PC(41:4),PC(41:5),PC(41:8),PC(42:0),PC(42:1),PC(42:2),PC(42:3),PC(42:4),PC(42:5),PC(42:6),PC(42:7),PC(42:10),PC(43:2),PC(43:6),PC(44:1),PC(44:3),PC(44:5),PC(44:6),PC(44:7),PC(44:10),PC(44:12),PC(46:1),PC(46:2),PC-O(26:0),PC-O(26:1),PC-O(28:0),PC-O(28:1),PC-O(29:0),PC-O(30:0),PC-O(30:1),PC-O(30:2),PC-O(31:0),PC-O(31:1),PC-O(31:3),PC-O(32:0),PC-O(32:1),PC-O(32:2),PC-O(32:3),PC-O(33:0),PC-O(33:1),PC-O(33:2),PC-O(33:3),PC-O(33:4),PC-O(33:6),PC-O(34:0),PC-O(34:1),PC-O(34:2),PC-O(34:3),PC-O(34:4),PC-O(35:3),PC-O(35:4),PC-O(36:0),PC-O(36:1),PC-O(36:2),PC-O(36:3),PC-O(36:4),PC-O(36:5),PC-O(36:6),PC-O(37:6),PC-O(37:7),PC-O(38:0),PC-O(38:1),PC-O(38:2),PC-O(38:3),PC-O(38:4),PC-O(38:5),PC-O(38:6),PC-O(40:0),PC-O(40:1),PC-O(40:2),PC-O(40:3),PC-O(40:4),PC-O(40:5),PC-O(40:6),PC-O(40:7),PC-O(40:8),PC-O(42:0),PC-O(42:1),PC-O(42:2),PC-O(42:3),PC-O(42:4),PC-O(42:5),PC-O(42:6),PC-O(44:3),PC-O(44:4),PC-O(44:5),PC-O(44:6),Cer(34:0),Cer(34:1),Cer(38:1),Cer(40:1),Cer(41:1),Cer(42:1),Cer(42:2),Cer(43:1),Cer(44:0),SM(30:1),SM(31:0),SM(31:1),SM(32:1),SM(32:2),SM(33:1),SM(33:2),SM(34:1),SM(34:2),SM(35:1),SM(36:0),SM(36:1),SM(36:2),SM(37:1),SM(38:1),SM(38:2),SM(38:3),SM(39:1),SM(39:2),SM(40:1),SM(40:2),SM(40:4),SM(41:1),SM(41:2),SM(42:1),SM(42:2),SM(42:3),SM(43:1),SM(43:2),SM(44:1),SM(44:2),H1
p400 HR_QC2,QC,Qex1,plasma,41.3,12,4.24,0.002,0.054,0.012,2.35,0.015,0.015,0.009,0,3.54,0.128,0.014,0.004,0.002,1.49,0,0.004,0.011,0.02,0.006,2.23,0.084,0.009,0.003,1.41,0.036,0.01,0.089,0.09,3.21,0.002,0.033,0.013,1.7,0.001,0.038,0.014,0,0.018,0.005,0.013,2.81,0,0.019,0.002,0.007,0.001,0.031,1.61,0.059,0,0.047,0.004,844,227,189,176,199,733,436,977,201,165,393,161,194,192,390,206,234,192,203,381,405,23.7,9.85,45.7,40.1,15.9,414,20.9,44.8,56,31.6,37.2,45.8,4.48,3.77,36.1,3.82,3.69,11,12,46.7,114,37.5,23.9,2.95,1.36,1.37,142,1250,48.1,1.45,2.52,358,42.3,24.9,39.4,1.27,1.11,6.26,1.41,3.77,4.28,2.06,2.06,0.505,0.979,1.1,0.814,7.34,2.23,1.86,0.641,1.94,0.874,1.06,1.73,0,2.24,8.52,5.75,0.591,0.245,2.53,20.6,26.6,15.7,14.3,0.019,1.78,1.38,0.903,0,63.3,80,43.2,8.64,1.33,1.21,0.028,0.565,0.887,0,0.122,22.6,28.1,22,11.8,1.13,0,0.656,0.057,2.5,6.22,2.23,1.93,8.26,0,1.56,0.693,0.326,70.6,1.19,1.17,0.314,63.6,10.4,8.05,0.073,0.304,0.106,0.721,8.39,0.313,1.06,0,0,1.76,0,0.697,1.94,0.314,33.5,0.063,0.182,0,0.067,0.009,7.75,0.124,0.042,0.842,0,0,0.046,0.164,0,0.005,0.004,4.36,2.37,0.56,0,0.411,0.066,0.077,0.249,0.877,1.13,0.232,0.669,0.004,0,76.8,167,5.13,1.65,0.518,0.406,1.01,3.15,0.476,0.389,0.445,0.008,0.132,85.6,47.1,83.6,55.6,1.35,0,0.386,0.354,0.007,1.43,1.71,0.597,0.182,10.5,1.96,2.99,7.65,44.8,37.2,28.9,0.568,0,0,0.066,0.654,0.764,0.224,0.381,0.509,0.426,0.519,0.374,2.04,3.97,9.91,14.1,5.86,5.37,0.284,0.249,0,0.681,0.252,0.002,1.33,0,1.01,0.592,0.536,0.17,0,1.14,0.434,0.248,0.976,1.21,2.36,0.509,0.189,0.007,0.099,0,0,1.43,0,0,0,0.016,0,0.01,0,0,0,0,0,1.08,0.018,0.111,0.165,0.003,0,0,0,0,0,0.165,2.02,3.57,4.06,0.313,0.344,0,0.004,0,1.1,3.6,9.08,6.98,1.5,0.211,0,0,0,0,0.006,4.63,8.13,3.46,0.019,0,0,0.226,0.59,1.03,1.32,1.71,2.08,0,0,0,0,0.25,0.478,0.558,0,0,0.434,0,0.024,0.016,0.013,0.536,0.346,1.65,0.898,0.233,0.14,0,0.07,0.265,3.53,0.345,4.91,15.9,57.1,7.69,1.26,0.011,8.58,3.8,0.634,8.52,3.72,0.378,2.18,0.326,14.7,11.7,1.97,6.31,4.58,13,28.5,13.9,0.828,1.68,0.341,0.537,9058
p400 HR_QC2,QC,Qex1,plasma,56.7,17.2,5.91,0.002,0.072,0.004,4.25,0.003,0.069,0.016,0,4.86,0.127,0.069,0.008,0.002,2.22,0,0.011,0.021,0.028,0.007,3.43,0.136,0.143,0.003,2.02,0.049,0.014,0.117,0.146,4.69,0.003,0.048,0.033,2.49,0.006,0.055,0.023,0,0.024,0.005,0.018,4.22,0.001,0.027,0.002,0.011,0.026,0.059,2.42,0.088,0,0.077,0.007,744,209,162,159,174,659,408,927,192,188,322,151,184,174,377,203,200,173,190,407,336,19.9,8.05,45,29.7,14.5,329,18.7,36.6,50.6,24.4,33.1,40,3.72,2.83,23.6,3,2.85,8.6,9.33,37.7,91.1,64.3,43.8,3.05,2.35,1.54,224,2038,75.3,2.03,2.89,499,56.4,37.4,61.1,2.02,2.38,8.39,0.167,4.96,5.72,2.66,1.17,0.714,1.58,1.97,1.08,8.72,4.42,2.14,0.539,3.26,1.29,1.93,2.37,0.015,0.045,11.5,7.47,1.09,1.08,3.33,24,34.1,17.7,17.8,0.017,1.92,1.86,1.21,0,68.6,91.3,50.3,9.65,0,1.82,0.018,1.19,0.979,0,0.102,24.9,31.4,26,12.7,1.5,0,0.014,0.068,3.59,6.42,0.953,2.58,25.5,0,2.37,1,0.582,107,1.83,1.78,0.437,93.6,15.2,11.9,0.067,0.365,0,2.52,11.9,0.524,1.39,0,0,2.83,0.705,1.11,2.98,0.479,48.6,0.088,0.329,0.063,0.089,0.005,9.03,0.197,0.023,1.15,0,0,0.313,0.202,0.068,0.01,0.185,6.59,3.63,0.92,0.008,0,0.155,0.008,0.434,1.38,0.948,0.387,0.731,0.267,0.006,114,249,7.57,2.23,0.78,0.043,1.45,5.33,0.828,0.731,0.531,0.011,0.339,127,70.3,123,77.2,1.77,0.002,0.478,0.687,0.019,2.24,2.6,1.01,0.283,16.4,3.31,4.87,18.7,66.8,53.5,42.3,0.882,0,0,0,0.927,0.765,0.285,0.564,0.036,0.545,0.698,0.78,3.07,6.3,15.7,21.1,9.88,7.95,0.005,0.054,0.611,1.03,0.441,0.354,2.63,0.008,4.01,0.721,0.799,0.475,0,0.897,0.358,0.004,1.46,1.39,20.6,1.19,0.148,0,0.331,0,0.007,0.925,0,0.022,0.07,0.015,0,0.287,0.004,0,0,0,0,1.62,0.018,0.207,0.145,0.149,0,0,0,0,0,0.25,2.98,5.28,6.03,0.426,0.541,0,0.008,0,1.73,5.35,13.4,10.5,2.15,0.456,0,0,0,0.005,0.01,6.9,12.3,5.2,0.021,0,0.031,0.179,0.885,1.73,1.98,3.01,3.23,0,0,0.019,0.214,0.27,0.871,0.707,0,0,0.464,0.439,0.044,0.023,0.018,0.659,0.501,2.35,1.19,0.295,0.202,0,0.262,0.353,5.13,0.53,7.67,28.5,84.3,11.5,1.85,0.023,12.9,5.96,0.941,12,5.7,0.474,3.47,0.497,21.3,17.5,2.84,9.37,6.75,18.6,42.1,22.3,1.32,2.16,0.357,0.585,13223
p400 HR_QC2,QC,Qex1,plasma,55.4,17,5.55,0.005,0.054,0,3.84,0,0.032,0.014,0.006,4.69,0.09,0.016,0.033,0.001,1.9,0,0.006,0.015,0.031,0.074,3.14,0.121,0.08,0.018,1.85,0.047,0.013,0.096,0.113,4.39,0.003,0.037,0.03,2.4,0.007,0.048,0.021,0,0.021,0.005,0.018,3.87,0.001,0.021,0,0.003,0.015,0.001,2.22,0.076,0,0.069,0.005,669,203,151,140,161,632,375,886,186,170,298,142,186,160,331,193,177,159,181,344,326,20.5,7.32,45.2,26.1,13.9,285,15.8,32.3,46.4,22.2,32.4,36.5,3.34,2.51,21.3,2.67,2.57,8.01,8.63,34.9,80.6,55.1,45.2,2.31,2.4,1.21,281,2314,83.6,2.54,3.16,581,63.2,30.3,56.7,1.74,1.5,9.64,1.7,5.38,5.92,2.75,5.79,0.608,1.56,1.6,1.32,13,2.73,3.67,1.46,2.67,0.581,1.64,2.94,0.773,1.64,12.3,7.43,0.389,2.2,3.47,29.7,34.4,21.9,13.7,0,2.81,2.45,0.984,0,85.3,114,60.7,16.1,1.71,1.55,0.028,0.96,0.019,0,0.171,30,36.9,30.9,15.9,1.76,0,0.998,1.49,4.55,8.23,1.4,2.44,7.35,0,2.43,1.06,0.545,102,1.66,1.68,0.279,91.3,14.8,11.4,0.177,0.341,0.128,2.17,12.3,0.365,1.39,0,0,2.82,2.66,1.11,2.67,0.652,47.2,0.056,0.198,0,0.042,0.01,11.6,0.203,0.237,1.16,0,0,0.433,0.102,0,0.006,0.258,5.86,3.36,0.871,0.685,0,0.07,0.007,0.371,1.15,0.765,0.399,0.899,0.005,0,105,228,7.24,2.42,0.815,0,1.36,3.83,0.809,0.763,0.539,0.012,0.154,116,64.2,116,82,2.08,0,0.506,0.692,0.007,2.13,2.81,0.98,0.367,11.7,2.35,2.9,14.9,62.2,53.8,41.8,0.805,0,0,0,0.628,0.87,0.361,0.562,0.147,0.954,0.956,0.595,2.82,5.42,13,19.7,6.91,7.47,0.179,0.004,0.724,1.15,0.431,0.283,1.78,0,4.7,0.804,0.72,0.309,0,1.25,0.22,0.343,1.32,2.37,0,1.23,0.897,0.412,0.157,0.176,0,2.18,0,0,0,0.013,0,0.044,0,0,0,0,0,1.48,0.033,0.203,0.227,0.05,0,0,0,0,0,0.39,2.7,4.88,5.4,0.404,0.543,0,0.007,0.224,1.53,5.01,12.4,9.67,2.27,0.321,0,0,0,0,0.673,6.18,11.4,4.88,0.019,0,0.008,0.322,0.755,1.56,1.75,2.54,3.08,0,0,0,0.062,0.311,0.693,0.647,0,0,0.514,0.412,0.03,0.042,0.015,0.601,0.443,2.35,1.19,0.337,0.247,0,0.444,0.286,4.75,0.442,9.73,44,77.4,10.4,1.75,0.006,11.7,4.85,0.932,11.2,5.07,0.522,3.13,0.49,16.3,15.8,2.98,8.74,6.44,17.2,38.3,19,1.47,2.17,0.329,0.71,12479
p400 HR_QC2,QC,Plate 1,plasma,56.8,16.3,5.02,0.004,0,0,2.99,0.002,0.004,0,0,4.59,0.078,0.012,0.005,0,2.04,0,0.005,0.026,0.069,0.006,3.35,0.138,0.117,0.004,1.95,0.052,0.011,0.09,0.087,4.54,0.002,0.039,0.023,2.47,0.006,0.048,0.055,0.012,0.026,0.006,0.018,4.01,0.001,0.021,0,0.006,0.008,0,2.27,0.079,0.001,0.069,0.002,800,221,168,176,192,673,431,965,199,185,355,158,199,178,395,209,212,215,197,386,NA,22.8,8.66,45.5,29.7,14.5,348,19.2,38.9,51.2,24.4,36.9,40,3.74,3.05,25.1,3.18,3.03,9.47,9.33,40.7,97.5,55.1,43.8,1.98,2.61,1.02,212,2038,77.6,0.467,0.22,518,62.9,34.3,56.7,1.48,0.922,8.39,1.17,4.96,6.07,2.66,2.06,0.656,1.56,1.19,0.008,8.72,2.54,2.14,0.182,2.67,0.609,1.34,2.01,1,1.94,11.5,7.64,0.054,1.64,3.55,24.9,35.5,20.9,13.7,0.069,1.92,1.97,0.922,0.015,72.2,94.5,57.5,10.4,1.65,2.03,0.024,1.09,0.933,0,0.043,27.9,32.7,26.6,12.8,0,0,0.037,3.07,3.96,5.98,1.59,3.57,0.737,0,2.54,1,0.609,107,1.79,1.83,0.211,93.6,14.9,11.5,0.097,0.333,0.153,1.62,13.1,0.365,1.51,0,0.089,2.82,0,1.3,2.8,0.487,49.6,0.053,0.221,0.113,0.012,0.178,9.79,0.246,0.017,1.2,0,0,0.047,0.268,0,0.008,0.007,6.05,3.36,0.871,0.764,0,0.57,0.077,0.373,1.37,0.908,0.391,0.9,0.205,0,105,230,7.34,2.74,0.783,0.225,1.47,3.56,0.936,0.881,0.593,0.151,0.252,116,64.8,119,85,1.83,0.009,0.223,0.873,1.04,2.44,3.46,1.45,0.179,4.96,1.18,4.19,14.8,62.6,58.9,45.4,0.196,0.004,0,0.279,0.725,0.76,0.287,0.603,0.136,1.36,0.68,0.542,3.66,5.24,14.1,27.3,8.46,9.57,0.011,0.24,0.551,1.13,0.436,0.285,1.13,0,4.81,0.156,0.8,0.337,0,1.43,0.322,0.295,1.51,1.56,20.6,1.19,0.021,0.418,0.267,0,0,1.43,0,0,0.509,0.006,0,0.166,0,0,0,0,0,1.48,131,0.414,0.162,0.272,0,0.003,0,0,0,0.392,2.7,4.88,5.53,0.44,0.629,0,0,0.004,1.58,5.05,12.4,10.2,2.32,0.406,0,0,0,0,0.007,6.48,11.7,5.14,0,0,0.009,0.261,0.755,1.59,1.81,2.55,3.72,0,0,0.005,0,0.237,0.66,0.664,0,0,0.454,0.492,0.039,0.052,0.024,0.574,0.418,2.35,1.19,0.295,0.128,0.188,0.221,0.321,4.88,0.442,7.47,23.4,79,10.4,1.79,1.52,11.7,5.02,0.954,11.4,5.07,0.633,3.13,0.501,12.9,15.6,3.34,8.74,6.44,17.2,38.3,19.1,1.47,2.41,0.341,0.69,14140
p400 HR_QC2,QC,Plate 1,plasma,55,20.1,6.09,0.004,0,0,NA,0.015,0,NA,0,4.99,0.078,0.011,0.004,0.028,1.9,0,0.006,0.008,0.076,0.005,3.14,0.121,0.094,0.004,1.85,0.047,0.012,0.102,0.113,4.39,0.002,0.036,0.027,2.4,0.002,0.048,0.062,0.011,0.02,0.005,0.018,3.91,0.001,0.02,0,0.004,0.009,0.062,2.23,0.076,0.007,0.067,0.005,745,209,164,159,173,659,406,927,194,170,322,151,186,174,375,208,203,172,190,381,NA,20.4,7.54,49,30.7,14.9,330,19.3,36.3,50.6,22.6,33.1,41.5,3.87,2.94,23.6,3.13,2.76,8.51,9.72,37.7,91.1,53,25.1,2.73,2.1,0,269,2047,75.3,0.981,0.286,499,54.6,28.9,50.3,1.53,1.07,8.71,1.28,4.58,5.72,2.68,1.68,0.608,1.22,1.01,0,7.36,1.72,1.82,0.368,2.05,0.388,1.64,1.98,0.025,2.18,11.5,7.43,0.45,1.76,3.33,24,34.1,17.7,0.049,0.082,1.81,1.65,1.02,0,68.6,91.3,50.3,9.65,1.39,1.91,0.026,0.96,0.803,0,2.76,24.9,31.4,26,12.7,0,0,1.01,4.47,3.59,6.42,1.96,2.21,0.96,0,2.37,0.994,0.545,102,1.66,1.65,0.268,89.7,14.8,11.4,0.161,0.358,0.169,97.2,12.6,0.584,1.43,0,0,2.9,0,1.11,2.67,0.342,47.2,0.067,0.313,0.097,0.011,0.166,9.03,0.034,0.114,1.15,0.033,0,0.097,0.175,0,0.008,0.222,5.8,3.38,0.853,0.654,0.014,0.488,0.012,0.371,1.12,25.2,0.391,0.785,0.236,0,98.8,219,7.1,2.53,0.78,0.003,1.39,3.8,0.847,0.803,0.531,0.01,0.309,114,62.6,114,77.2,1.77,0,0.231,0.687,0.725,2.43,3.07,1.27,0.224,4.26,0.904,2.76,15,60.6,53.5,42,0.799,0,0.008,0.382,0.579,1.07,0.4,0.562,0.509,0.904,0.79,0.595,2.82,5.5,13.6,22.5,7.82,7.47,0.272,0.217,0.441,0.792,0.479,0.336,0.832,0,32.8,0.101,0.72,0.375,0.215,1.31,0.393,0,1.43,1.39,20.6,1.7,0.018,0.257,0,0,0,1.6,0,0.005,0.407,0.009,0,0.181,0,0,0,0,0,1.37,0.5,0.331,0.213,0.004,0,0.004,0,0,0,0.266,2.58,4.76,5.23,0.372,0.499,0,0.005,0,1.53,5.01,12,9.64,2.19,0.321,0,0,0,0,0.776,6.18,11.2,4.86,0.006,0,0.009,0.004,0.66,1.39,1.8,2.7,3.24,0,0,0.008,0,0.364,0.693,0.657,0,0,0.474,0.419,0.028,0.017,0.026,0.544,0.443,2.12,1.11,0.213,0.019,0.134,0.171,0.525,4.72,0.384,7.67,34.1,75.4,10,1.73,1.44,11.7,4.68,0.932,11.1,4.88,0.787,3.01,0.629,16.3,15.8,3.26,8.21,6.33,17,37,17.3,1.2,2.41,0.393,0.585,12479
p400 HR_QC2,QC,Plate 1,plasma,55.4,17.5,5.55,0.003,0.071,0,4.14,0,0.004,0,0,4.41,0.088,0.012,0.005,0,2,0,0.02,0.018,0.077,0.006,3.2,0.129,0.11,0.003,1.9,0.053,0.012,0.096,0.122,4.47,0.002,0.039,0.025,2.49,0.01,0.054,0.056,0.016,0.022,0.004,0.02,3.87,0.001,0.023,0,0.007,0.004,0.038,2.22,0.082,0.002,0.075,0.007,744,216,162,159,174,673,417,942,192,171,305,156,203,175,398,203,198,213,190,389,NA,20.5,8.05,43.2,28.5,14.6,320,18.6,38.1,50.8,24.5,36.9,35.7,3.66,2.83,23.2,3,2.85,8.6,10,38.4,90.1,58.3,49.2,3.17,0.861,1.72,136,1830,66.2,1.05,0.242,446,56.4,35.8,57.5,1.88,1.5,7.68,1.41,4.61,5.64,2.56,2.25,0.558,1.83,1.6,1.08,11.2,2.73,1.91,0.641,2.56,0.646,1.46,2.37,0.099,2.54,13.5,6.17,0.591,1.28,3.25,20.6,29.6,17.1,14.8,0.029,2.06,1.48,0.984,0,61.2,78.6,44.7,8.35,0,1.79,0.032,0.878,0.903,0,0.039,22.5,27,22.8,11.1,0,0,0.827,1.49,3.16,9.2,1.19,2.67,8.53,0,2.37,1.01,0.539,102,1.63,1.68,0.314,91.3,14.5,11,0.162,0.353,0,1.32,11.9,0.389,1.39,0,0,2.66,0,1.15,2.58,0.479,47.3,0.049,0.243,0.112,0.011,0.148,8.09,0.148,0.281,1.2,0,0,0.052,0.21,0,0.007,0,5.86,3.25,0.878,0,0,0.402,0.042,0.373,1.18,0.716,0.299,0.661,0.006,0.022,107,228,7.24,2.23,0.672,0.007,1.4,3.83,0.809,0.731,0.623,0.539,0.22,116,64.2,116,79.1,1.68,0.004,0.17,0.919,0.007,2.13,0.557,0.98,0.177,5.22,1.21,0.025,0.177,62.2,53.8,41.8,0.234,0.01,0.009,0.018,0.762,0.765,0.363,0.193,0.004,0.938,0.698,0.896,2.27,5.42,10.4,0.179,5.75,8.97,0.191,0.338,0,1.03,0.464,0.338,0.854,1.91,3.2,0.102,0.645,0.309,0,0,0.488,0.015,1.32,1.3,15.2,0.857,0.024,0.405,0.402,0,0.016,1.2,0,0.03,0.198,0.017,0,0.069,0.014,0,0,0,0,0.299,0.664,0.203,0.118,0.005,0,0.008,0,0,0,0.172,2.72,5.05,5.4,0.535,0.541,0,0.004,0,1.5,4.81,12.4,9.67,2.15,0.19,0,0,0,0,0.006,6.16,11.4,4.88,0.002,0,0.009,0.287,0.813,1.56,1.75,2.52,2.67,0,0,0,0.138,0.005,0.725,0.625,0,0,0.558,0.426,0.102,0.053,0.12,0.697,0.416,2.45,1.21,0.235,0.045,0.181,0.302,0.206,5.05,0.446,8.08,28.5,81.2,10.7,1.8,1.94,11.8,5.61,1.04,11.2,5.27,0.341,3.16,0.499,0.099,16.4,2.72,8.86,6.79,18.6,39.4,19,1.32,2.16,0.31,0.541,13377
p400 HR_QC2,QC,Plate 1,plasma,49.7,16.8,4.42,0.003,0,0,3.54,0.001,0,0,0,4.69,0.071,0.009,0.004,0,1.75,0,0.002,0.023,0.065,0.01,2.75,0.115,0.096,0.003,1.61,0.041,0.008,0.076,0.089,3.97,0.002,0.033,0.022,2.15,0.006,0.042,0.05,0,0.019,0.005,0.016,3.47,0.001,0.018,0,0.011,0.004,0.045,1.98,0.072,0.003,0.064,0.005,732,189,161,164,174,583,408,830,176,160,311,138,175,159,336,176,200,163,173,348,NA,22,8.1,45.2,30.4,13.7,329,18.7,36.6,50.3,22.1,31.4,35.3,3.72,2.82,23.9,2.97,2.88,8.68,9.3,36.8,91.3,42.1,35.1,0.309,0.231,0.473,224,1618,54.1,0.197,0.246,410,45.1,26,46.6,2.39,2.59,7.85,1.71,5.03,5.72,2.55,1.6,0.51,1.49,2.11,0.935,8.65,4.05,2.37,1.65,2.83,1.01,1.82,2.54,1.13,1.87,10.1,6.74,0.045,1.35,3.11,19.7,28.2,15.1,0.078,0.017,1.92,1.86,0.93,0,56.8,74.9,43.7,8.42,1.19,2.36,0.186,0.51,1.18,0,2.63,21.2,25.9,21,11.2,0,0,0,0.326,2.62,5.56,1.07,1.77,7.98,0,2.01,0.89,0.475,88.3,1.46,1.53,0.281,80.6,12.7,10.2,0.159,0.34,0.116,7.62,10.7,0.281,1.26,0,0,2.41,0,0.943,2.39,0.286,41.5,0.056,0.239,0.082,0.067,0.153,7.24,0.061,0.193,1.01,0.022,0,0.081,0.182,0.112,0.008,0.009,5.3,2.94,0.776,0.685,0,0.402,0.011,0.356,1.09,38,0.387,0.731,0.354,0,89.7,201,6.32,2.2,0.632,0.002,1.29,3.98,0.713,0.646,0.554,0.02,0.254,103,56.5,103,67.2,1.51,0.004,0.208,0.541,0.005,2.13,2.6,0.883,0.236,4.47,0.957,3.22,14.8,54.7,47.1,36.9,0.283,0.004,0.007,0,0.548,0.826,0.277,0.666,0.929,0.954,0.599,0.806,2.8,5.09,12.3,19.7,6.41,6.49,0.008,0.172,0.784,0.849,0.308,0.318,0.699,0,2.62,0.141,0.61,0.308,0.251,0.867,0.074,0,1.23,1.05,17.1,0.854,0,0.345,0.185,0,0.011,1.16,0,0.022,0.181,0.014,0,0.073,0.017,0,0,0,0,1.53,0.481,0.152,0.165,0.005,0.004,0.002,0,0,0,0.105,2.39,4.39,4.91,0.494,0.5,0.015,0.004,0.005,1.4,4.59,10.8,8.7,1.9,0.304,0,0,0,0,0.673,5.6,10.2,4.33,0,0,0.006,0,0.662,1.35,1.54,2.26,2.86,0,0,0.004,0,0.26,0.73,0.616,0,0,0.332,0.425,0.028,0.019,0.151,0.601,0.597,2.18,1.02,0.355,0.03,0,0.049,0.405,4.27,0.297,7.35,22,69.5,9.18,1.56,1.22,10.6,4.42,0.844,10.1,4.48,0.474,2.89,0.389,16.3,14.4,2.84,7.9,5.85,16.8,33.8,16.8,1.14,1.62,0.308,0.542,11542
p400 HR_QC2,QC,Plate 1,plasma,55.9,17,12.3,0.006,0,0,4.51,0,0.007,0,0,5.02,0.127,0.069,0.008,0.005,1.77,0,0.003,0.027,0.057,0.074,2.96,0.117,0.078,0.007,1.79,0.047,0.008,0.142,0.719,4.26,0.008,0.003,0.031,2.18,0.002,0.076,0.203,0,0.037,0.002,0.026,3.47,0.001,0.002,0.002,0.002,0.002,0.002,2.04,0.062,0.004,0.08,0.014,662,200,155,154,161,621,375,853,185,162,327,138,185,148,377,183,195,173,171,349,NA,20.2,7.88,40.7,26.4,13.8,300,16.3,35.5,46.8,24.5,32.2,45.3,3.64,2.7,20.9,2.91,2.46,8.31,8.98,35.3,85.1,411,361,7.57,15,6.56,12690,5175,180,3.01,0.404,1057,98.3,30.3,89.4,3.66,3.29,15.9,2.88,6.31,8.98,4.08,3.37,1.01,7.75,6.82,1.57,42.4,4.21,4.16,1.15,9.48,1.59,0.872,3.54,0.546,1.87,15,11.4,9.28,2.4,4.49,42.6,59.4,31.7,19.1,0.002,2.85,2.7,1.03,0.017,127,172,97.5,18.6,2.47,1.34,0.012,1.07,1.07,0.019,0.102,50.2,62.4,54.8,27.7,1.5,0,0.79,1.22,6.47,23.6,1.4,0.045,0,0,2.61,1.27,0.591,125,1.89,2.17,0.296,94.1,15,12.4,0.11,0.479,0.387,22.2,10.6,0.126,1.28,0,0,3.18,0,0.805,3.32,0.486,38.3,0.083,0.279,0.084,0.011,0.008,12.1,0.033,0,1.06,0,0,0.081,0.132,0,0.012,0,6.42,4.61,1.05,0.006,0,0.056,0.138,0.221,0.102,0.948,0.234,0.336,0.299,0,109,246,7.54,2.03,0.936,0.005,1.52,4.73,0.516,0.71,0.461,0.011,6.53,121,67.5,116,70,1.88,0.004,1.27,0.522,0.02,1.92,1.55,0.365,0.005,13,0.412,1.5,16.1,62.6,49.9,39.4,0.559,0.009,0,0.494,0.654,0.519,0.323,0.357,0.245,1.97,1.84,0.536,2.82,6.02,13,19.7,6.91,6.47,0,0.272,1.94,1.7,0.342,0.284,2.15,0,0,0.612,1.52,0.215,0.13,0.964,0,0,0.683,3.19,46,3.51,0.189,0,0.395,0.201,0,2.56,0,0.012,0,0.013,0,0.5,0,0,0,0,0,1.56,43,0.146,0.489,0.025,0.004,0.004,0.05,0,0,0.25,2.83,5.32,5.73,0.744,0.986,0.008,0.011,0,1.84,5.34,13.2,9.95,1.98,0.505,0,0,0,0,0.258,6.51,11.8,5.2,0.012,0,0.031,0,0.837,1.6,1.35,2.54,3.08,0,0,0.012,0,0.279,0.623,0.647,0,0,0,0,0.029,0.023,0.143,0.736,0.508,3.44,1.73,0.49,0.301,0,2.67,0.493,4.75,0.631,23.2,112,77.4,10.4,1.75,1.63,13.6,4.85,0.886,12.1,5.92,0.257,3.58,0.376,18,17.5,2.32,9.04,6.69,18.9,39.1,19,1.95,1.88,0.651,0.843,11796
p400 HR_QC2,QC,QEx2,plasma,40.1,12.8,3.92,0,0.013,0.012,2.5,NA,0.013,0.02,NA,3.56,NA,NA,0.011,NA,NA,NA,NA,NA,NA,NA,NA,NA,NA,NA,NA,NA,NA,NA,NA,NA,NA,NA,NA,NA,NA,NA,0.029,NA,NA,NA,NA,2.75,0.001,0.012,0.001,0.006,0.001,0.001,1.62,0.055,0.002,0.043,0.001,825,230,191,170,195,701,443,969,197,179,383,163,186,181,445,203,227,182,206,381,390,22.1,9.58,49.9,41.9,15.9,432,21.4,45.4,54.1,29.7,36.4,47.6,4.77,3.75,36.8,3.45,3.48,10.6,10.7,45.7,115,36.4,23.9,2.87,0.21,0.4,297,1443,55,1.25,1.08,384,47.8,26.9,43.4,1.55,1.38,8.11,1.08,3.81,4.99,2.25,0.934,0.586,1.05,1.14,0.006,2.33,1.99,0.218,0.458,2.01,0.646,1.56,1.94,0.365,1.36,9.14,6.54,0.044,1.64,3.33,22,31.9,16.2,14.3,0.018,1.56,1.71,0.754,0.367,68.6,88.9,47.6,9.22,1.4,2.11,0.018,0.878,0.744,0,0.108,24,30.8,24.8,12.2,1.5,0,0.55,1.72,2.62,6.18,0.448,2,0,0,1.76,0.733,0.453,72.8,1.15,1.2,0.304,69.3,11.8,8.91,0.176,0.283,0.091,7.62,8.79,0.286,0.988,0,0,2.03,1.66,0.796,1.81,0.335,33.9,0.056,0.272,0,0.005,0.004,9.03,0.12,0.073,0.839,0,0,24.2,0.282,0,0.007,0.222,4.17,2.45,0.624,0.479,0.287,0.206,0.086,0.268,0.928,0.799,0.351,0.567,0.189,0.005,78.3,170,5.45,1.56,0.601,0.225,0.97,2.98,0.524,0.476,0.345,0.004,0.279,86.7,47.5,85.1,55.5,1.23,0.003,0.146,0.485,0.725,1.64,1.72,0.733,0.213,1.89,0.558,2.27,14.9,45.9,39.4,31,1.7,0.006,0,0.007,0.522,0.706,0.204,0.419,0.509,0.43,0.698,0.524,2.18,4.01,9.83,14,4.87,5.36,0.157,0.249,1.1,0.967,0.436,0.206,0.009,0,0,33.1,0.545,0.232,0,1.14,0.207,0.295,1.29,1.22,0,0.875,0.189,0.286,0.138,0.104,0,1.2,0,0,0,0.007,0.005,0.083,0,0.077,0,0,0,1,0.424,0.219,0.165,0.003,0,0.003,0,0,0.569,0.25,2.06,3.58,4.11,0.755,0.358,0,0.002,0.005,1.17,3.68,9.09,7.32,1.53,0.228,0,0,0,0.003,0.552,4.48,8.37,3.65,0,0,0.003,0.095,0.55,1.02,1.33,1.89,2.08,0,0,0.003,0.138,0.167,0.531,0.554,0,0,0.397,0.284,0.024,0,0,0.601,0.303,1.57,0.908,0.13,0.068,0.181,0,0,3.54,0.312,4.41,13.1,57.3,7.16,1.29,0.012,8.48,3.66,0.55,8.77,4.31,0.474,2.41,0.445,0.179,11.8,1.96,6.47,4.73,12.9,28.6,14.4,0.613,2.42,0.194,0.476,9201
p400 HR_QC2,QC,QEx2,plasma,66,19.1,5.92,0.002,0.026,0.01,4.25,NA,0.007,0.037,NA,5.26,NA,NA,0.021,NA,NA,NA,NA,NA,NA,NA,NA,NA,NA,NA,NA,NA,NA,NA,NA,NA,NA,NA,NA,NA,NA,NA,0.064,NA,NA,NA,NA,4.19,0.001,0.029,0.001,0.003,0.001,0.002,2.49,0.076,0.002,0.075,0.002,744,209,162,159,174,617,408,927,192,170,322,151,183,174,377,200,200,173,190,382,336,20.5,8.05,45.2,29.7,14.5,329,18.7,36.6,50.6,24.4,33.1,40,3.72,2.83,23.6,3,2.85,8.6,9.33,37.7,91.1,86.8,43.8,3.04,1.55,0.388,199,2038,75.3,2.03,1.77,499,56.4,30.3,56.7,1.88,1.9,8.39,1.58,5.09,5.72,2.66,2.06,0.608,2.02,1.6,0.009,9.09,2.73,2.54,0.901,3.92,0.297,1.99,2.37,0.773,1.94,11.5,7.43,0.591,1.57,3.15,24,34.1,17.7,13.9,0.016,1.92,1.86,0.984,0,68.5,91.3,50.3,9.65,1.52,1.8,0.013,0.96,0.933,0.018,0.079,24.9,31.4,26,12.7,1.26,0,1.19,0.568,3.59,6.42,1.4,2.44,8.87,0,2.71,1,0.656,107,1.79,1.68,0.314,114,17.9,14.5,0.167,0.417,0.387,7.9,13,0.486,1.53,0,0,3.09,1.79,1.11,2.72,0.563,48.8,0.05,0.238,0,0.011,0.009,8.89,0.197,0.143,1.15,0,0,23,0.399,0,0.013,0.208,6.46,3.89,0.979,0.685,0.411,0.552,0.049,0.371,1.29,0.948,0.423,0.769,0.267,0,115,251,7.57,2.23,0.955,0.308,1.43,3.99,0.809,0.731,0.549,0.007,0.423,126,69.5,123,77.2,1.85,0,0.213,0.752,0.836,2.39,2.6,1.08,0.249,2.79,0.677,3.36,21.4,66.9,55.4,43.3,2.63,0.007,0.009,0.011,0.654,0.959,0.323,0.609,0.727,0.18,0.685,0.595,3.1,5.8,13.5,19.7,6.91,7.47,0.005,0.06,0.224,1.28,0.444,0.547,1.29,0,0,37.4,0.584,0.423,0.026,1.36,0.358,0.269,1.32,1.39,0,1.19,0.112,0.412,0.274,0,0.009,1.43,0,0,0.422,0.013,0.011,0.185,0,0.115,0,0,0,1.48,0.664,0,0.215,0.003,0,0.004,0,0,0.93,0.278,3.02,5.56,6.01,0.881,0.541,0,0.007,0.224,1.64,5.17,13,10.4,2.15,0.374,0,0,0,0.004,0.673,6.43,12,5.2,0,0,0.005,0.005,0.968,1.79,1.77,2.54,3.08,0,0,0.007,0.002,0.344,0.699,0.647,0,0,0.464,0.429,0.524,0.087,0,0.549,0.443,2.54,1.34,0.326,0.132,0,0.262,0.405,5.17,0.505,7.67,28.5,83.3,10.4,1.87,0.019,13.1,5.34,0.957,12.2,5.89,0.75,3.43,0.493,0.056,17.2,2.84,9.49,6.88,19.1,42,20.6,1.32,1.55,0.341,0.585,13868
p400 HR_QC2,QC,QEx2,plasma,55.4,17,5.55,0,0.018,0.02,3.84,NA,0.01,0.024,NA,4.69,NA,NA,0.018,NA,NA,NA,NA,NA,NA,NA,NA,NA,NA,NA,NA,NA,NA,NA,NA,NA,NA,NA,NA,NA,NA,NA,0.051,NA,NA,NA,NA,3.87,0.001,0,0,0.007,0.001,0.001,2.22,0.077,0.004,0.069,0.001,696,204,146,150,160,659,368,886,181,161,279,146,188,165,341,205,177,158,183,357,312,20.2,7.39,42.3,29,13.5,292,17,33.5,45.7,21.5,30.6,36.4,3.32,2.54,22.6,2.42,2.44,7.89,8.21,34,81.3,55.1,49.8,0.271,3.16,0.724,224,2657,94.7,2.92,1.91,642,74.2,33.5,59.2,2.59,1.5,9.47,1.41,4.96,6.42,2.9,2.39,0.699,1.56,1.99,0.012,8.72,3.33,1.75,0.641,2.67,0.866,1.64,2.54,0.966,2.2,13.4,9.58,0.084,2.4,4.3,30.6,44.4,22.4,15.4,0,2.11,2.19,1.02,0,93.8,121,63.6,12.4,1.91,1.41,0.026,1.3,1.16,0,0.162,31.4,40.4,32.9,16.3,1.75,0,0.827,1.25,4.18,8.15,0.436,2.86,7.64,0,2.37,1.05,0.545,102,1.66,1.74,0.343,91.3,14.8,11.4,0.444,0.353,0.206,4.66,11.9,0.365,1.39,0,0,2.82,1.68,1.26,2.67,0.479,47.2,0.074,0.248,0,0.013,0,12.7,0.304,0.132,1.18,0,0,29.5,0.199,0,0.039,0.267,5.86,3.36,0.871,0.788,0.431,0.325,0.077,0.393,1.15,1.02,0.387,0.731,0.288,0,105,228,7.24,2.24,0.78,0.192,1.4,3.83,0.822,0.808,0.531,0.006,0.23,116,64.2,116,77.4,1.77,0.003,0.189,0.687,0.486,2.13,2.64,0.98,0.283,2.11,0.622,2.99,13.8,62.2,53.5,41.8,1.27,0.007,0,0.006,0.731,0.765,0.245,0.562,0.4,0.954,0.745,0.671,2.82,5.42,13,19.9,7.06,8.08,0,0.259,0.236,1.03,0.434,0.318,1.26,0,4.01,35.9,0.72,0.309,0.012,1.11,0.461,0.429,1.55,2.23,0,1.26,0.222,0.511,0.023,0.134,0.105,1.97,0,0,0.496,0.009,0.007,0.166,0,0,0,0,0,1.6,0.735,0.187,0.088,0.149,0,0.006,0,0,0.846,0.194,2.7,4.88,5.4,0.836,0.664,0.011,0,0,1.53,5.01,12.4,9.67,2.18,0.321,0,0,0,0.003,0.681,6.18,11.4,4.88,0,0,0.004,0.003,0.755,1.56,1.75,2.59,3.15,0,0,0,0,0.27,0.693,0.702,0,0,0.667,0.425,0.567,0,0,0.651,0.451,2.35,1.19,0.264,0.04,0,0,0,4.75,0.442,9.67,39,77.4,10.5,1.75,0.013,11.7,4.85,0.932,11.2,5.07,0.472,3.13,0.459,16.3,15.8,2.84,8.74,6.44,17.2,38.3,19,1.44,2.16,0.342,0.687,12479
p400 HR_QC2,QC,Plate 2,plasma,59.8,19.4,5.74,0,0.016,0.012,4.12,0.024,0.047,0,0,0.007,0.058,0.067,0.012,0.02,1.08,0,0.003,0.037,0.623,0.002,3.16,0.121,0.045,0.02,1.89,0.061,0.011,0.099,0.125,2.84,0.001,0.033,0.031,2.7,0.002,0.068,0,0.006,0.022,0.005,0.018,4,0,0.021,0,0.002,0.011,0.001,2.16,0.081,0,0.018,0.002,700,211,181,107,205,747,395,999,203,NA,363,162,247,175,458,194,200,211,190,409,366,22.1,8.05,38.1,32.6,17.8,329,20.9,34.7,54.5,25,37.2,41.1,3.72,7.81,24,2.94,3.62,10.4,10.5,34.2,84.6,54.4,48.3,3.44,3.94,1.37,239,2239,83.7,3.35,0,550,59.5,30.8,59.3,1.98,1.3,9.14,1.42,5.04,6.12,2.92,0.121,0.863,2.36,2.66,0.931,11.9,2.82,3.41,0,4.25,0,1.48,2.62,0.884,2.3,14.6,8.95,0.118,0,3.68,27.8,41.5,20.6,15.1,0.069,1.96,2.55,1.23,0,88.3,108,59.7,14.4,0,1.72,0.092,0.945,1.66,0,0.17,24.1,37.3,31,19.9,1.63,0,0.827,1.57,3.79,8.53,1.94,3.96,8.26,0,2.58,1.09,0.561,108,2.23,1.87,0.306,99.3,0.487,13.3,0.185,0.411,0.256,8.5,13.4,0.373,1.59,0,0,3.13,2.49,1.18,3.17,0.647,53.1,0.046,0.235,0.06,0.03,0.048,0.101,0.219,0.042,1.2,0,0,0.381,0.239,0,0,0.24,6.24,3.37,0.934,0,0.412,0.275,0.064,0.37,1.07,0.022,0.016,0.69,0.009,0,107,237,7.68,2.26,0.841,0.233,1.5,8.57,1.45,0.905,0.562,0,0.294,120,69.6,120,79.3,1.71,0.006,0.241,0.737,0.791,2.21,3.44,0.992,0.3,0.29,0.551,6.66,19.6,63.5,45.6,42.5,0.269,0,0.003,0.006,0.707,0.848,0.27,0.532,0.095,0.945,0.815,0.808,3.17,5.42,13.5,2.05,6.91,9.91,0.235,0.396,0.676,1.05,0.503,0.004,0.921,2.97,4.57,0.224,0.846,0.414,0.004,0.011,0,0.295,1.51,1.54,22.7,1.22,0.227,0.084,0.497,0.119,0,1.84,0.137,0.022,0.255,0.027,0,0.23,0.069,0,0,0,0.009,1.75,0.209,0,0.198,0.006,0,0.009,0,0,0.579,0.026,2.73,4.96,6.72,0.597,0.707,0,0,0,1.69,5.65,12.7,9.75,2.61,0.371,0,0.932,0,0,0.007,6.66,11.7,5.07,0,0,0.013,0.005,0.892,1.5,1.92,0.732,0.318,0,0,0.095,0,0.18,0.611,0.633,0,0,0.005,0.427,0,0.288,0.031,0.756,0.486,2.47,1.31,0.325,0.172,0.176,0.344,0.128,4.88,0.659,7.78,31.9,80.4,10.9,1.84,0.015,12,4.96,0.518,12,5.24,0.471,3.15,0.545,17.5,15.8,3.23,9.03,6.9,14.8,40.7,4.4,1.55,2.68,0.45,0.587,12906
p400 HR_QC2,QC,Plate 2,plasma,45.8,13.5,4.34,0,0.019,0.011,3.25,0.017,0.03,0.013,0.01,3.84,0.19,0.069,0.016,0.04,1.1,0,0.006,0.036,0.696,0.001,2.45,0.113,0.038,0.015,1.45,0.038,0.012,0.077,0.077,4.39,0.001,0.088,0.068,1.91,0.002,0.059,0,0.005,0.012,0.006,0.017,2.97,0,0.016,0,0.002,0.003,0.045,2.66,0.052,0,0.034,0.002,940,209,75.5,159,157,222,342,21.3,173,NA,289,137,141,127,352,203,183,169,228,381,336,11.5,20.7,37.1,18.9,10,205,17.5,54.8,39.5,22.8,27.1,14.7,2.11,2.43,0,0,2.22,1.6,8.27,54.8,67.6,39.7,31.7,2.83,3.35,1.76,138,1556,56.6,0.744,0,380,49.5,24.5,43.8,1.39,0.715,6.1,0.858,3.5,4.02,2.13,0.085,0.512,0.758,1.84,1.17,9.1,1.66,2.37,0,1.44,0,0.18,1.87,0.394,1.13,9.69,6.14,0.069,1.46,3.2,18.7,28.3,14,14.6,0.062,1.58,1.5,0.728,0,40.1,75.1,39.3,6.88,0.01,2.98,0.1,0.693,0.338,0.018,0.082,0.555,25.9,20.8,8.7,1.28,0,0.235,1.07,2.28,1.19,1.2,1.46,6.57,0,2.03,0.859,0.39,76.2,1.39,1.29,0.323,59.6,29.1,9.49,0.122,0.314,0.178,6.02,9.63,0.358,1.08,0,0,2.23,0.329,0.978,2.01,0.399,37.2,0.036,0.234,0.059,0.026,0.03,0.082,0.158,0,0.881,0,0,0,0.205,0,0,0.007,4.56,2.67,0.801,0,0.27,0.199,0.078,0.27,0,0.018,0,0.702,0.233,0,79.3,177,5.88,1.89,0.655,0.216,1.17,2.36,1.02,0.452,0.484,0,0.214,90.5,49.7,92.2,60,1.47,0.073,0.187,0.546,0.497,1.44,1.1,0.586,0.208,0.201,0.283,0.049,10.2,48,29.7,35.2,0.198,0.005,0.004,0.006,0.602,0.564,0.237,0.221,0.118,0.962,0.557,0.569,0.8,5.07,7.48,7.07,6.09,5.02,0.207,0.252,0.625,0.941,0.451,0.318,0.864,1.27,2.91,0.192,0.513,0.321,0.004,0.007,0.007,0,1.19,0.965,14.4,0.874,0.075,0.458,0.255,0,0,1.08,0.04,0.008,0.177,0.043,0,0.153,0.025,0,0,0,0,1.32,0.099,0,0.009,0.005,0,0.008,0,0,0.503,0.474,2.03,3.86,3.81,0.519,0.488,0.021,0,0.122,1.15,4.24,9.83,7.86,1.69,0.238,0,0,0,0,0.007,4.97,8.84,3.86,0,0,0.006,0,0.558,1.23,1.45,1.06,0.264,0,0,0.007,0.002,0.228,0.538,0.463,0,0,0,0.314,0,0.015,0.02,0.534,0.34,1.88,0.984,0.221,0.214,0.194,0,0.203,3.72,0.538,5.58,21.1,60.8,7.93,1.18,0.013,8.98,3.73,1.3,9.03,4.1,0.215,2.33,0.424,15.1,12.5,1.36,6.99,5.14,13.7,29.8,13.1,0.918,1.93,0.265,0.421,9979
p400 HR_QC2,QC,Plate 2,plasma,57.4,17.2,5.54,0.002,0.015,0.011,3.95,0.015,0.035,0,0.078,4.69,0.205,0.839,0.015,0.002,7.47,0,0.003,0.023,0.071,0.003,3.14,0.133,0.051,0.018,1.81,0.046,0.009,0.096,0.118,5.46,0.002,0.079,0.079,2.4,0.002,0.051,0,0.009,0.03,0.004,0.02,3.85,0,0.028,0,0.007,0.004,0.001,2.22,0.058,0,0.069,0.002,694,178,147,91.6,157,644,408,927,192,207,266,148,186,161,370,212,200,172,189,364,311,20.5,6.58,47.3,22.1,14.5,308,16.7,38,49.6,24.4,26.3,53.9,3.44,3.23,20.7,3,2.85,8.22,9.33,37.7,95.3,65.7,46,1.12,2.31,0.642,261,2131,75.9,0.971,0,515,60.2,35.2,58.8,3.13,2.5,8.85,1.58,5.64,6.08,2.53,0.168,0.467,5.39,1.35,0.993,8.28,3.06,1.57,0.708,1.65,0.646,2.75,2.29,0.736,1.79,11.8,7.75,0.044,0,3.45,24.3,35.2,17.6,14,0.022,2.39,1.91,1.1,0,72.4,92.6,49.1,10.1,1.72,1.32,3.63,1.11,1.53,0,0.098,31.9,31.2,26.3,13,1.72,0,0,1.74,3.66,7.28,1.01,2.33,0,0,2.48,0.911,0.657,103,1.68,1.72,0.263,83.4,51.4,9.99,0.167,0.313,0.395,7.01,11.6,0.422,1.38,0,0,2.77,1.34,1.04,2.72,0.488,45.1,0.072,0.199,0.096,0,0,0.078,0.248,0,1.16,0,0,0.116,0.256,0,0.032,0.222,5.7,3.34,0.835,0,0,0.252,0.085,0.46,0,0.017,0,0.811,0.014,0,105,228,7.33,2.19,0.842,0.136,1.3,5.09,0.533,0.719,0.499,0,0.132,116,63.9,116,76.3,1.83,0,0.205,0.637,0.658,2.29,1.77,1.16,0.267,0.254,0.407,5.91,2.61,62.8,61.3,44.3,0.283,0.004,0,0,0.577,0.682,0.443,0.665,0.08,1.16,0.686,0.608,2.93,5.42,12.5,46,0.07,2.61,0.227,0.142,0.659,1.02,0.41,0.003,3.1,0,3.7,0.183,0.655,0.296,0.215,0.616,0,0,1.04,1.42,19.7,1.16,0.259,0.304,0.407,0,0,1.78,0,0,0.119,0.057,0,0.156,0,0,0,0,0,1.54,1.12,0,0.132,0,0,0.007,0,0,0.671,0.02,2.67,4.8,5.47,0.617,0.585,0,0,0,1.46,5.82,12.3,9.73,1.36,0.304,0,0,0,0,0.005,6.38,11.4,4.85,0,0,0.025,0,0.799,1.97,1.74,4.09,6.4,0,0,0.003,0,0.311,0.847,0.662,0,0,0,0.424,0,0.172,0.135,0.544,0.412,2.24,1.13,0.293,0.338,0.174,0.18,0.334,4.9,0.753,7.7,28.1,79.3,10.6,1.79,1.52,11.7,5.07,0.826,11.4,5.1,0.516,3.18,0.612,9.88,16.2,3.39,8.89,6.37,25.7,39.3,47.6,1.29,2.2,0.394,0.582,12441
p400 HR_QC2,QC,Plate 2,plasma,53.3,16.7,5.56,0.003,0.023,0.007,3.72,0.015,0.029,0.014,0.022,3154,0.048,0.089,0.016,0.026,1.9,0,0.004,0.052,0.798,0.002,3.13,0.106,0.047,0.018,1.85,0.047,0.011,0.091,0.113,3.05,0.001,0.027,0.021,2.19,0.002,0.06,0,0.007,0.025,0.006,0.017,3.87,0,0.018,0,0.002,0.007,0.001,2.16,0.076,0,0.027,0.003,744,220,185,192,200,772,428,918,191,133,322,151,184,174,464,183,223,216,185,423,377,23.2,8.68,49.7,29.7,12.8,348,22.9,34.6,50.6,22.3,39.6,40,10.2,1.15,23.1,3.7,3.25,9.47,8.99,33.9,91.1,55.8,41.6,3.08,2.3,0.301,210,1946,74.7,3.1,0,484,53.4,29.7,54.6,1.79,1.69,7.94,1.4,4.87,5.36,2.79,2.06,0.704,0.648,1.31,1.2,8.34,2.65,1.92,0.573,3.69,0.172,1.64,2.44,0.81,2.09,11.2,7.12,0.076,1.82,3.08,23.6,32.9,17.7,13.9,0.075,1.89,1.8,0.865,0,64.8,90.1,51.4,9.25,1.32,1.38,0.098,0.974,0.059,0,0.105,25.7,31.5,25.7,12.5,1.37,0,1.52,1.41,3.51,5.57,1.6,2.55,12.6,0,2.26,1.13,0.529,101,1.65,1.65,0.493,123,0.435,12.9,0.188,0.391,0.379,8.23,12.2,0.328,1.39,0,0,2.88,2.03,1.2,2.61,0.471,49.4,0.065,0.285,0,0.039,0.043,0.057,0.175,0,1.13,0,0,0.072,0.175,0,0,0.144,6.01,3.43,0.907,0,0.411,0.224,0.076,0.426,1.23,0.948,0.014,0.76,0.302,0,104,229,7.16,2.39,0.719,0.397,1.67,2.56,0.599,0.743,0.607,0,0.3,116,64.5,117,78.1,1.82,0.093,0.246,0.741,0.813,2.05,5.16,0.969,0.105,0.311,0.417,0.074,230,61.5,72.7,41.1,0.304,0.009,0.011,0,0.878,1.02,0.376,0.593,0.008,0.924,0.711,0.582,2.71,7.73,13.5,32.4,16.3,215,0.302,0.353,0.734,1.43,0.421,0.004,0.924,1.91,4.31,0.357,0.784,0.244,0,1.66,0.358,0,1.46,1.36,21.4,1.27,0.152,0.228,0.121,0.086,0,1.06,0.088,0.01,0.092,0.015,0,0.176,0.039,0,0,0,0,1.41,0.074,0,0.313,0.006,0,0.012,0.05,0,0.574,0.752,2.88,5.15,5.33,0.395,0.496,0.073,0,0,1.59,4.37,12.4,9.61,2.61,0.337,0,0.004,0,0,0.009,5.98,11.5,4.9,0,0,0.008,0,0.711,1.62,1.77,4.02,5.83,0,0,0.01,0.006,0.396,0.774,0.685,0,0,0.026,0.457,0,0.126,0.03,0.659,0.475,2.45,1.25,0.296,0.026,0.211,0,0.158,4.62,0.648,7.63,28.9,75.5,10.2,1.72,0.014,11.8,4.75,1.04,11.1,5.04,0.478,3.12,0.718,19.3,15.9,2.46,8.59,6.5,19.6,37.2,24.9,1.35,2.11,0.287,0.629,12517
p400 HR_QC2,QC,Plate 2,plasma,,,,,,,,0.002,,,0.001,,0.004,0.005,,0.001,4.46,0,0.004,0.003,0.084,0.003,3.84,0.154,0.06,0.02,2.22,0.068,0.015,0.113,0.108,4.4,0.002,0.037,0.026,3.21,0.003,0.046,0,0.014,0.015,0.004,0.021,4.78,0.001,0.025,0,0.003,0.026,0.001,2.98,0.105,0,0.07,0.002,1076,191,162,169,174,659,449,1133,217,NA,341,185,198,199,377,210,175,173,223,372,321,16.8,6.87,45.2,32.2,17.3,399,18.7,36.6,56.4,30,33.1,29,4.27,NA,24.4,3,2.83,8.6,10.2,49.6,106,,,,,,,,,,,,,,,,,,,,,,,,,,,,,,,,,,,,,,,,,,,,,,,,,,,,,,,,,,,,,,,,,,,,,,,,,,,,,,,,,,,,,,,,,,,,,,,,,,,,,,,,,,,,,,,,,,,,,,,,,,,,,,,,,,,,,,,,,,,,,,,,,,,,,,,,,,,,,,,,,,,,,,,,,,,,,,,,,,,,,,,,,,,,,,,,,,,,,,,,,,,,,,,,,,,,,,,,,,,,,,,,,,,,,,,,,,,,,,,,,,,,,,,,,,,,,,,,,,,,,,,,,,,,,,,,,,,,,,,,,,,,,,,,,,,,,,,,,,,,,,,,,,,,,,,,
p400 HR_QC2,QC,Plate 1,plasma,52.2,17,6.59,0.004,0.022,0.008,3.84,0.003,0.011,0.015,0.003,4.69,0.098,0.016,0.005,0.003,1.9,0,0.004,0.011,0.071,0.005,3.14,0.121,0.044,0.018,1.85,0.047,0.012,0.11,0.034,4.39,0.002,0.028,0.025,2.4,0.003,0.039,0.102,0.006,0.017,0.004,0.016,3.87,0.001,0.018,0,0.003,0.006,0.052,2.22,0.076,0.003,0.069,0.002,774,209,181,159,174,630,408,927,192,170,329,151,176,172,377,188,213,173,185,381,336,20.5,8.05,64.8,32.9,14.9,329,23.3,40.5,54,27.3,33.4,45.4,3.72,2.83,21.3,3,2.85,9.74,9.48,37,88.3,38.1,43.8,2.95,3.61,0.526,207,2038,73.3,1.09,0,499,56.4,21.1,45.4,1.68,0.967,8.39,0.948,4.23,5.15,2.47,2.07,0.58,1.25,2.5,0.83,8.72,2.13,1.95,0.416,2.71,0,1.3,2.23,0.498,1.85,11.8,7.38,0.084,1.18,3.33,23.7,34.1,17.7,9.84,0.028,1.68,1.7,0.984,0,72.8,91.3,50.6,9.64,1.2,1.25,0.036,1.2,1.13,0,0.123,24.9,31.4,26,12.7,1.5,0,1.42,1.97,3.59,6.42,1.39,2.44,0,0,2.37,1,0.545,102,1.47,1.97,0.348,91.3,14.8,11.2,0.188,0.368,0,10.1,12.3,0.509,1.39,0,0,2.82,0.08,1.14,2.67,0.479,54.6,0.059,0.283,0,0.065,0,3.17,0,0,1.13,0,0,0,0.146,0.112,0,0.19,5.35,3.04,0.746,0.524,0,0.283,0.099,0.306,1.15,0.421,0.02,0.799,0.279,0,95.4,207,6.95,2.27,0.78,0,1.3,5.12,0.915,0.794,0.669,0,0.278,108,59.7,114,77.2,1.85,0.009,0.226,0.706,0.762,2.13,4.53,1.42,0.259,0.31,0.345,4.02,37.6,60.5,57.5,42.5,0.445,0,0.009,0.044,0.782,1.1,0.234,0.562,0.14,0.954,0.623,0.595,3.12,5.42,12.3,42.5,10.1,48.5,0.213,0.249,0.419,1.03,0.434,0.318,0.755,1.91,4.01,0.477,0.821,0.268,0.215,1.72,0,0.38,1.32,1.39,20.6,0.953,0.189,0.412,0.019,0.029,0,1.11,0,0.011,0.107,0,0,0.166,0.054,0,0,0,0,1.49,0.063,0,0.305,0.251,0,0,0.008,0,0.301,0.436,2.32,4.1,5.44,0.607,0.427,0,0,0,1.53,4.52,11.4,9.18,2.15,0.257,0,0.011,0,0,0.673,5.83,10.6,4.82,0,0,0.009,0,0.584,1.65,1.66,2.54,4.25,0.192,0,0.007,0,0.187,0.651,0.634,0,0,0,0.313,0,0.031,0.091,0.601,0.429,2.33,1.17,0.295,0.05,0.117,0.097,0.254,4.75,1.06,7.74,30.4,75,10.4,1.75,0.029,9.69,5.39,0.932,8.48,4.02,0.52,2.54,0.502,16.3,12.7,4.8,7.29,5.48,14,31.5,19.2,1.32,1.61,0.341,0.585,12479
p400 HR_QC2,QC,Plate 1,plasma,62.8,19,6.26,0.005,0.045,0.015,4.24,0.015,0.053,0.033,0.05,6.15,0.336,0.069,0.021,0.009,2.22,0,0.007,0.017,0.023,0.074,3.84,0.137,0.042,0.014,2.24,0.071,0.01,0.096,0.114,5.46,0.004,0.037,0.031,2.85,0.004,0.067,0.097,0,0.02,0.006,0.02,4.54,0.002,0.023,0,0.004,0.008,0.045,2.67,0.093,0,0.084,0.004,866,257,214,195,225,766,435,1205,254,187,413,185,221,210,465,258,237,206,232,488,396,29.4,10.7,58.9,32.6,18.3,371,21.6,41.1,60.1,27.4,39.8,48.4,4.43,3.45,25.5,3.03,3.56,10.3,10.8,40.1,99.7,262,170,16.6,2.35,3.43,224,6490,215,11.1,2.89,1392,111,51.7,113,2.41,3.9,11.6,2.01,6.56,9.23,4.06,0,1.24,2.19,3.8,3.7,49.7,8.89,12.9,0.78,5.92,0.631,2.02,6.05,1.19,3.56,21.9,14.1,0.717,6.4,4.07,53.1,73.4,36.2,18.7,0.009,3.47,3.86,1.62,0.039,135,199,112,23.4,4.24,0,0.027,2.8,1.85,0,0.102,45.8,68.1,58.9,25.1,2.94,0.054,0,0.202,5.01,11.2,3.6,7.39,11.5,0,2.99,1.11,0.566,117,2,1.95,0.488,95,16.4,12.5,0.385,0.465,0.356,1.46,9.91,0.309,1.31,0,0,3.4,0,1.22,3.19,0.626,47.2,0.056,0.169,0,0,0,15.1,0,0,1.36,0,0,0.073,0.222,0,0,0,6.9,4.19,1.29,0,0,0.159,0.125,0.474,0,8.11,0.115,0.242,0.025,0,122,262,7.32,1.7,0.432,0,1.7,4.38,0.517,0.592,0.491,0,0.254,138,73.3,126,52.9,1.23,0.036,0.237,0.687,0.017,2.05,1.89,0.305,0,0.542,0.44,3.24,3.3,70.2,53.3,38.9,0.407,0.012,0.011,0.013,0.189,0.523,0.149,0.504,0.193,1.13,0.976,0.64,3.31,6.48,13.7,19.7,6.91,5.24,0.25,0.011,0.121,1.79,0.436,0.352,1.45,0,6.17,3.93,0.801,0.439,4.5,1.24,0,0,2.67,1.81,22.3,1.4,0.219,0,0.025,0.033,0.032,1.95,0.112,0.022,0.272,0,0,0.146,0.051,0,0,0,0,1.65,0.153,0,0.316,0.014,0,0,0,0,0.347,0.229,3.08,5.62,5.01,0.362,0.793,0.089,0,0,1.75,5.23,14.2,10.6,1.63,0.596,0,0.02,0,0,0.095,7.46,13.2,5.18,0,0,0.013,0.268,0.895,1.56,1.96,2.11,3.08,0,0,0.016,0,0.199,0.925,0.873,0,0,0.464,0.021,0,0.019,0.032,0.686,0.512,3.39,1.87,0.461,0.263,0,1.69,0.247,4.97,1.37,8.2,28.5,97.1,10.9,2.12,1.52,14.8,4.85,1.57,13.1,6.14,0.024,4.12,0.93,1759,19.2,2.43,12.7,7.98,25.7,45.4,19,2.37,2.58,0.661,0.734,15335
p400 HR_QC2,QC,Plate 1,plasma,55.4,17.8,5.55,0.004,0.017,0.006,2.12,0.005,0.043,0.012,0.002,3.8,0.127,0.018,0.009,0.01,1.65,0,0.003,0.015,0.068,0.005,2.87,0.125,0.057,0.006,1.67,0.036,0.011,0.077,0.046,3.96,0.002,0.042,0.037,2.13,0.002,0.048,0.128,0.012,0.017,0.003,0.017,3.48,0.001,0.026,0,0.005,0.004,0.021,1.98,0.094,0.004,0.069,0.003,693,207,155,133,142,675,339,739,161,142,277,138,186,174,368,203,181,163,190,375,279,16.2,6.43,33.9,26.7,12.2,263,18.7,30,42,20,26.5,30.5,3.41,2.47,19.5,2.64,2.75,7.17,8.11,70.1,107,55.1,65.5,2.6,5.08,1.37,321,1930,90.1,0.623,0,518,114,38.4,74.7,1.5,1.5,6.87,1.17,4.96,5.72,2.76,2.06,1.25,1.87,0.987,1.08,16.3,4.47,4.98,0.621,2.67,0.186,4.07,3,1.35,0.073,0.283,9.74,0.089,0.087,1.87,24.8,32.3,17.7,20.5,0.042,1.92,1.86,0.821,0.047,64.2,82.8,44.1,9.65,1.77,0.151,0.076,0.908,0.134,0,0.245,25.9,23.7,25.3,19.6,0.637,0,0,1.49,2.26,0.527,1.94,0.852,0,0,1.9,1.29,0.312,94.3,1.66,1.38,0.136,166,33.3,26.1,0.208,0.339,0.417,7.62,12.1,0.365,1.57,0,0.023,2.22,0,0.727,2.27,0.172,38.7,0.022,0.302,0,0.069,0.067,32.6,0,0,2.93,0,0,0.064,1.07,0,0,0,8.99,8.28,1.49,1.67,0,0.335,0,0.371,2.18,0.948,0.049,0.908,0.256,0,173,303,12.1,4.7,1.35,0,2.33,2.55,0.553,0.91,0.531,0,0.389,153,89.6,187,111,3.1,0,0.109,1.45,0.032,3.17,2.6,0.98,0.017,1.02,0.576,0.139,14.9,74.2,53.5,71.4,0.283,0.012,0.019,0,0.537,0.591,0.412,0.876,0.031,1.36,0.698,0.716,1.44,3.83,16,12.4,3.5,7.41,0.049,0.078,0.171,0.186,0.066,1.04,0.798,0,3.5,0.137,0.669,0.137,0.92,0,0,0,1.19,1.32,13.8,1.84,0.21,0.036,0.066,0.084,0.044,1.43,0,0,0.27,0.036,0,0.17,0,0,0,0,0,0.158,2.91,0,0.165,0,0,0.044,0.05,0,0.158,0.055,3.25,6.71,7.59,0.577,0.558,0.019,0,0.011,1.9,6.99,17.4,13.9,3.24,0.368,0,0,0,0,0.029,7.08,16.3,9.18,0,0,0.022,0,1.28,2.04,2.3,2.79,2.32,0,0,0.011,0,0.418,1.17,0.899,0,0,0,0.538,0.06,0.198,0.044,0.452,0.466,2.57,1.48,0.464,0.054,0.279,0.262,0.217,7.47,1.83,4.44,11.7,95.6,13.1,2.42,0.068,19.8,6.49,0.103,18.9,8.43,0.643,6.01,1.11,0.149,26.5,2.08,13.1,10.5,19.5,49,24.1,2.12,2.16,0.285,0.652,11885
p400 HR_QC2,QC,Plate 1,plasma,49.6,16.6,5.55,0.003,0.016,0.011,3.34,0.004,0.016,0.012,0.051,4.34,0.09,0.018,0.014,0.003,1.79,0,0.003,0.012,0.086,0.004,2.75,0.116,0.048,0.011,1.79,0.041,0.009,0.102,0.03,4.26,0.001,0.032,0.028,2.23,0.003,0.041,0.138,0.009,0.015,0.005,0.018,3.72,0.001,0.019,0,0.003,0.002,0.054,2.09,0.072,0.002,0.065,0.008,715,199,162,145,163,604,418,836,186,142,313,138,164,156,337,175,200,156,169,346,312,18.4,7.83,45.2,29.7,13.4,332,17.5,36.6,49.7,24.4,32.6,40,3.7,2.41,23.6,3.22,2.59,8.6,9.33,37.7,91.1,29.1,29.2,1.87,1.7,0.329,237,1990,67.7,0.401,0,495,54,20,46.5,2.26,1.75,8.9,1.41,5.15,5.84,2.66,0.259,0.607,0.332,0.808,0.705,8.68,2.73,2.14,0.964,1.23,0.661,1.13,2.37,0.773,2.03,11.2,7.43,0.591,2.1,3.96,24,34.4,18.1,10.1,0.129,2.18,1.97,1.16,0.013,68.6,92.8,50.3,9.93,1.39,0.856,0.171,0.96,0.735,0.024,0.11,23.2,31.5,26.8,11.5,1.2,0,0.235,2.12,4.18,6.52,1.4,2.59,0,0,2.22,0.965,0.573,99.1,1.38,1.68,0.289,88.3,14.6,11.4,0.111,0.334,0.219,32.1,11.9,0.199,1.48,0,0.012,2.7,0,1.11,2.57,0.378,55.2,0.028,0.233,0.051,0,0,3.26,0,0,1.06,0,0,0.028,0.086,0,0,0.254,5.13,2.91,0.709,0.726,0.411,0.171,0.047,0.317,0,0.641,0.011,0.731,0.016,0,91.1,199,7.09,2.23,0.861,0,1.27,2.63,1.26,0.731,0.76,0,0.174,104,57.4,112,77.9,1.77,0.011,0.221,0.659,0.687,2.34,4.97,1.28,0.271,0.381,0.412,2.99,46.2,58.3,66.5,41.8,0.433,0.008,0.007,0.007,0.772,1.21,0.154,0.899,0.113,0.94,1.03,0.549,2.82,5.85,11.5,41.3,9.52,39.6,0.25,0.463,0.808,1.34,0.891,0.161,1.04,0.018,4.14,0.588,0.72,0.331,0.181,0.958,0,0,1.06,1.5,22,1.19,0.108,0.302,0.351,0,0.015,2.21,0.056,0.012,0.15,0.017,0.013,0.214,0.109,0,0.011,0,0,1.24,0.664,0,0.03,0.008,0,0,0,0,0.328,0.288,2.28,3.97,4.5,0.32,0.541,0,0,0,1.33,4.58,11,8.99,2.3,0.321,0,0.01,0,0,0.01,5.57,10.4,4.86,0,0,0.007,0.28,0.615,1.37,1.62,2.84,5.56,0,0,0.01,0,0.358,0.636,0.613,0,0,0.013,0.256,0,0.147,0.178,0.66,0.443,2.35,1.19,0.251,0.062,0.182,0.113,0.21,3.13,1.03,7.67,31.2,62.2,9.08,1.32,0.029,8.91,3.41,1.21,8.03,3.78,0.428,2.4,0.799,0.13,11.6,5.62,6.65,5.23,14.4,29,16.1,1.13,2.23,0.249,0.541,11849
p400 HR_QC2,QC,Plate 1,plasma,56.6,15.3,4.65,0.004,0.02,0.012,4.01,0.003,0.032,0.015,0.005,5.33,0.205,0.021,0.006,0.003,1.92,0,0.005,0.013,0.043,0.005,3.26,0.116,0.058,0.019,1.94,0.053,0.011,0.071,0.112,4.61,0.002,0.046,0.034,2.46,0.002,0.071,0.12,0,0.022,0.005,0.028,4.03,0.001,0,0,0.003,0.008,0.041,2.31,0.076,0,0.077,0.003,744,224,159,198,209,659,371,1070,221,173,322,158,201,186,390,212,198,188,196,408,346,31.6,8.91,30.6,28.6,14.5,325,18.5,35.9,50.6,24.2,33.1,40,3.83,2.92,23.8,2.83,3,8.28,9.24,32.5,87.3,121,33.9,6.43,4.78,0.951,123,2155,75.3,2.98,0,489,49.7,30.3,56.7,1.48,1.4,6.85,1.63,3.71,4.42,2.25,0,0.608,0.917,1.6,1.21,7.23,1.01,1.85,0.641,2.66,0,1.64,1.07,0.556,0.396,8.72,4.75,0.033,0.607,1.99,20.5,27,13.6,14.3,0,1.68,1.35,0.619,0.024,56.4,75.4,39.1,7.06,1.52,1.02,0.093,0.07,0.544,0.034,0.246,18.3,27.2,22.6,10.3,1.57,0.02,0,1.15,1.45,5.14,0.47,1.95,5.02,0,2.47,0.995,0.41,105,1.77,1.59,0.314,83.8,13.6,10.6,0.197,0.353,0.037,0.842,9.98,0.619,1.22,0,0,3.11,0,1.06,2.76,0.497,46.8,0.043,0.209,0,0.051,0,9.03,0,0,1.15,0,0,0.034,0.247,0,0,0,5.86,3.36,0.871,0.645,0,0.124,0.055,0.358,0.744,2.3,0.113,0.453,0.013,0,105,228,7.24,1.71,0.539,0,1.4,3.83,0.809,0.589,0.517,0,0.132,116,64.2,116,63.1,1.49,0.014,0.187,0.342,1.17,2.08,2.33,0.608,0.123,0.404,0.272,0.097,0.979,62.2,49.9,40.2,0.206,0.009,0.005,0.009,0.46,0.765,0.235,0.428,0.086,0.694,0.412,0.388,2.42,4.59,13,15.5,1.79,7.47,0.16,0.017,0.668,0.761,0.447,0.235,0.95,0,2.05,0.711,0.382,0.309,0.151,1.04,0.01,0.211,2.13,0.793,10.8,0.668,0.097,0.479,0.311,0.228,0,1.06,0.041,0.008,0.169,0,0.009,0.123,0,0,0.009,0,0,1.48,0.083,0,0.049,0.149,0,0,0,0,0.215,0.25,2.7,4.88,5.4,0.558,0.471,0.005,0,0,1.52,5.01,12.4,9.67,1.72,0.32,0,0,0,0,0.011,6.18,11.4,4.88,0,0,0.01,0,0.755,1.56,1.75,1.41,2.12,0,0,0,0,0.27,0.693,0.647,0,0,0,0.575,0.044,0.014,0.018,0.457,0.262,1.65,0.892,0.217,0.166,0.18,0.953,0.444,3.9,0.813,3.6,10.9,77.4,9.59,1.62,0.02,11.7,4.07,0.789,11.2,5.07,0.223,3.13,0.386,9.29,15.8,2.84,8.74,6.44,17.2,38.3,16,1.21,1.77,0.379,0.439,13425
